{
    "mean": [
      -0.013107064372908426,
      0.009099062921696315,
      -0.01902535352642062,
      0.006038972382787546,
      -1.0008388888888815,
      0.09388761721258515
    ],
    "std": [
      0.3865053200678919,
      0.7549330889518212,
      0.4137873399443283,
      0.22718566468785137,
      0.3431345792682102,
      0.26915416475110016
    ],
    "windows_size": 200,
    "sampling_rate": 100
}